datetime,headline,full_text,sentiment_score
2026-06-01 17:00:40+00:00,Apple Inc. (AAPL): One of the Promising Stocks to Buy According to AI,Apple Inc. (AAPL): One of the Promising Stocks to Buy According to AI. ,0.2
2026-05-31 14:30:02+00:00,How Overzealous Option Traders Are Making 3X Leveraged ETFs Look Like Saviors,How Overzealous Option Traders Are Making 3X Leveraged ETFs Look Like Saviors. Warning: A key part of the options market you may be relying on is no longer working.,0.0
2026-05-31 14:09:32+00:00,investdaytip added to PyPI,investdaytip added to PyPI. A tool that suggests 5 stock investment recommendations at the moment you run it.,0.0
2026-05-31 11:44:34+00:00,IPOs are no longer Wall Street's starting line — they're the exit ramp: Chart of the Day,IPOs are no longer Wall Street's starting line — they're the exit ramp: Chart of the Day. Wall Street used to get the growth story early. Now it often only gets the receipt.,0.03333333333333333
2026-05-31 11:30:00+00:00,SCHG: Making New Highs And I Still Think It's A Long-Term Buy,"SCHG: Making New Highs And I Still Think It's A Long-Term Buy. Invest in SCHG for low-cost, tax-efficient large-cap growth exposure with AI/tech leaders like NVDA, AAPL & MSFT. Read the full analysis here.",0.24318181818181817
2026-05-31 11:00:00+00:00,"Apple: We Don't Need No Engineering, We Don't Need No Fold-A-Phone","Apple: We Don't Need No Engineering, We Don't Need No Fold-A-Phone. Apple (AAPL) rated Strong Sell: iPhone reliance, slowing device sales, CEO transition and iPhone 18 risks, and stretched valuation/PEG. Read the full analysis here.",0.24444444444444446
2026-05-31 02:21:49+00:00,AmazonスマイルSALEでDualSenseワイヤレスコントローラーやSwitch 2のShake-to-Wakeに対応した8BitDo Pro 3コントローラー、Elgato Stream Deckシリーズなどがセール中。,"AmazonスマイルSALEでDualSenseワイヤレスコントローラーやSwitch 2のShake-to-Wakeに対応した8BitDo Pro 3コントローラー、Elgato Stream Deckシリーズなどがセール中。. AmazonスマイルSALEでDualSenseワイヤレスコントローラーやSwitch 2のリモート起動に対応した8BitDoコントローラー、Elgato Stream Deckシリーズなどがセールとなっています。詳細 […]
The post AmazonスマイルSALEでDualSenseワイヤレスコントローラーやSwitch 2のShake-to-Wakeに対応した8BitDo Pro 3コントローラー、Elgato Stream Deckシリーズなどがセール中。 first appeared on AAP…",0.25
2026-05-30 21:10:03+00:00,Cathie Wood buys $6.5 million of megacap tech stock,"Cathie Wood buys $6.5 million of megacap tech stock. Cathie Wood has spent much of 2026 rotating among artificial intelligence winners, trimming some positions while adding to others as investors pile into the ...",-0.16666666666666666
2026-05-30 19:55:12+00:00,SCHX’s 750 stocks hide a 48% concentration risk most dividend investors overlook,"SCHX’s 750 stocks hide a 48% concentration risk most dividend investors overlook. The Schwab U.S. Large-Cap ETF (NYSEARCA:SCHX) charges 0.03% a year, holds 750 stocks, and just paid a quarterly distribution of $0.0732 per share on March 30...",0.5
2026-05-30 15:51:58+00:00,Apple Inc. (AAPL): Renaissance Technologies Opens New Position,Apple Inc. (AAPL): Renaissance Technologies Opens New Position. We just covered the 12 Best Stocks to Invest In According to Jim Simons’ Renaissance Technologies and Apple Inc. (NASDAQ:AAPL) ranks 3rd on this list. Apple ...,0.37878787878787873
2026-05-30 10:30:00+00:00,Is VXUS Or VTI The Better Buy In An Uncertain Market?,"Is VXUS Or VTI The Better Buy In An Uncertain Market?. Compare VXUS vs. VTI to see which Vanguard ETF is a better buy for your portfolio. Analyze holdings, fees, and performance to understand which works for you.",0.5
2026-05-30 07:26:22+00:00,Mac向けにUSB-Cポートを採用したWestern DigitalのポータブルHDD「My Passport Ultra for Mac 5TB」レビュー。,"Mac向けにUSB-Cポートを採用したWestern DigitalのポータブルHDD「My Passport Ultra for Mac 5TB」レビュー。. Mac向けにUSB-Cポートを採用したWestern DigitalのポータブルHDD「My Passport Ultra for Mac 5TB」レビューです。詳細は以下から。 　昨年からのOpenAIやGoogle […]
The post Mac向けにUSB-Cポートを採用したWestern DigitalのポータブルHDD「My Passport Ultra for Mac 5TB」レビュー。 first appeared on AAPL Ch..",0.25
2026-05-29 23:04:24+00:00,AmazonスマイルSALEでWindows 11のAdvanced Hapticsをネイティブサポートしたロジクールの「MX Master 4」マウスや強化されたEasy-Switchをサポートした「MX Keys Mini」キーボードがセール中。,"AmazonスマイルSALEでWindows 11のAdvanced Hapticsをネイティブサポートしたロジクールの「MX Master 4」マウスや強化されたEasy-Switchをサポートした「MX Keys Mini」キーボードがセール中。. AmazonスマイルSALEで、強化されたEasy-SwitchをWindows 11のAdvanced Hapticsをネイティブサポートしたロジクールの「MX Master 4」マウスや「MX Keys Mini」 […]
The post AmazonスマイルSALEでWindows 11のAdvanced Hapticsをネイティブサポートしたロジクールの「MX Master 4」マウスや強化されたEasy-Switchをサポートした「MX Keys Mini」キーボードがセール中。 first appe…",0.25
2026-05-29 12:42:00+00:00,"Navigating the New Era of Physician Affiliation: AAPL Launches a Comprehensive Guide on Private Equity, PSAs, and Modern Partnership Models","Navigating the New Era of Physician Affiliation: AAPL Launches a Comprehensive Guide on Private Equity, PSAs, and Modern Partnership Models. WASHINGTON, May 29, 2026 /PRNewswire/ -- The American Association for Physician Leadership (AAPL) today announced publication of The Physician Leader's Guide to Affiliation Options: Economics, Tactics, and Real-World Implementation. This comprehensive guide a…",0.08409090909090909
2026-05-29 10:25:46+00:00,"消費者庁、Belkinの「Auto-Tracking Stand Pro with DockKit」とAnkerの「MagGo Power Bank (10000mAh, 7.5W, Stand)」で火災に至る重大製品事故があったとして情報を公開。","消費者庁、Belkinの「Auto-Tracking Stand Pro with DockKit」とAnkerの「MagGo Power Bank (10000mAh, 7.5W, Stand)」で火災に至る重大製品事故があったとして情報を公開。. 消費者庁がBelkinの「Auto-Tracking Stand Pro with DockKit」とAnkerの「MagGo Power Bank (10000mAh, 7.5W, Stand)」で火災に至る重大製品 […]
The post 消費者庁、Belkinの「Auto-Tracking Stand Pro with DockKit」とAnkerの「MagGo Power Bank (10000mAh, 7.5W, Stand)」で火災に至る重大製品事故があったとして情報を公開。 first appea…",0.25
2026-05-29 04:10:47+00:00,Parallels、既存のWindows 11仮想マシンのSecure Boot証明書をMicrosoft 2023証明書チェーンへ更新する「Parallels Desktop for Mac v26.3.3」をリリース。,"Parallels、既存のWindows 11仮想マシンのSecure Boot証明書をMicrosoft 2023証明書チェーンへ更新する「Parallels Desktop for Mac v26.3.3」をリリース。. Parallelsが既存のWindows 11仮想マシンのSecure Boot証明書をMicrosoft 2023証明書チェーンへ更新する「Parallels Desktop for Mac v26.3.3」をリリー […]
The post Parallels、既存のWindows 11仮想マシンのSecure Boot証明書をMicrosoft 2023証明書チェーンへ更新する「Parallels Desktop for Mac v26.3.3」をリリース。 first appeared on AAPL C…",0.25
2026-05-28 22:36:02+00:00,Apple Silicon Macをネイティブサポートしたストラテジーゲーム「Age of Empires II: Definitive Edition」がリリース。A18 Proチップ搭載のMacBook Neoでもプレイ可能。,"Apple Silicon Macをネイティブサポートしたストラテジーゲーム「Age of Empires II: Definitive Edition」がリリース。A18 Proチップ搭載のMacBook Neoでもプレイ可能。. Apple Silicon Macをネイティブサポートしたストラテジーゲーム「Age of Empires II: Definitive Edition」がリリースされています。詳細は以下から。 　イギリスのFeral […]
The post Apple Silicon Macをネイティブサポートしたストラテジーゲーム「Age of Empires II: Definitive Edition」がリリース。A18 Proチップ搭載のMacBook Neoでもプレイ可能。 first appeared on AA…",0.25
2026-05-28 20:55:12+00:00,ceorater added to PyPI,ceorater added to PyPI. CLI for CEORater — institutional-grade CEO performance analytics,0.0
2026-05-28 20:25:40+00:00,Is Apple (AAPL) One of the Best Reddit Stocks to Buy According to Billionaires?,Is Apple (AAPL) One of the Best Reddit Stocks to Buy According to Billionaires?. ,1.0
2026-05-28 20:10:33+00:00,Apple shares hit new all-time closing high,"Apple shares hit new all-time closing high. In Nasdaq trading today, shares of Apple Inc. rose to hit a new all-time closing high. Apple’s all-time intraday high was set on…
The post Apple shares hit new all-time closing high appeared first on MacDailyNews.",0.21101010101010098
2026-05-28 19:50:09+00:00,TSMC CEO Promises Staff Massive 30% Bonus Bump as Profits Surge. This Is a Clear Message for TSM Stock Bulls.,TSMC CEO Promises Staff Massive 30% Bonus Bump as Profits Surge. This Is a Clear Message for TSM Stock Bulls.. TSMC CEO pledges 30%+ staff bonuses as Q1 revenue hits $35.9 billion and AI demand surges. Here's why TSM stock looks like a long-term winner for investors.,0.049999999999999996
2026-05-28 13:45:00+00:00,The Rare Earth Race Has a New Front-Runner,"The Rare Earth Race Has a New Front-Runner. FN Media Group Presents Oilprice.com Market Commentary NEW YORK, May 28, 2026 /PRNewswire/ -- As Washington races to build a rare earth supply chain that can survive the Pentagon's 2027 ban on Chinese-origin materials, REalloys (ALOY) has locked in long-term …",0.2181818181818182
2026-05-28 13:12:00+00:00,BTCC Exchange Launches TradFi Trading Carnival Rewarding Traders as Multi-Asset Demand Grows,"BTCC Exchange Launches TradFi Trading Carnival Rewarding Traders as Multi-Asset Demand Grows. LODZ, Poland, May 28, 2026 (GLOBE NEWSWIRE) -- BTCC, the world's longest-serving cryptocurrency exchange, has launched its TradFi Trading Carnival
. This limited-time campaign allows traders to earn USDT rewards while trading traditional financial instrument…",0.16666666666666666
2026-05-28 11:03:00+00:00,Jim Cramer has bold new take on Elon Musk's SpaceX IPO,"Jim Cramer has bold new take on Elon Musk's SpaceX IPO. There is always one IPO that defines a generation of investors. For people who started buying stocks in the 1990s, it was Microsoft (MSFT) and Amazon (AMZN)....",0.23484848484848483
2026-05-28 10:46:29+00:00,What Is Polymarket? The Beginner’s Guide to the Prediction Market Everyone Is Talking About in 2026,"What Is Polymarket? The Beginner’s Guide to the Prediction Market Everyone Is Talking About in 2026. Prediction markets operate by permitting users to buy and sell shares in eventualities of real-world events. Each share’s price is a measure of the market’s...
The post What Is Polymarket? The Beginner’s Guide to the Prediction Market Everyone Is Talking Abou…",0.0
2026-05-28 07:08:41+00:00,algochains added to PyPI,algochains added to PyPI. AlgoChains - Quant backtesting library for algorithmic trading,0.0
2026-05-27 23:13:58+00:00,"Stock market today: Dow drops, S&P 500 and Nasdaq waver following US strikes near Strait of Hormuz","Stock market today: Dow drops, S&P 500 and Nasdaq waver following US strikes near Strait of Hormuz. US stock futures edged up as a wave of tech earnings boosted confidence in the AI trade.",0.05
2026-05-27 22:18:03+00:00,ol-sdk added to PyPI,ol-sdk added to PyPI. Python client for Oxford Ledge Financial Terminal,0.0
2026-05-27 21:20:25+00:00,Best Buy stock gains as new gadgets and higher tax refunds boost sales,Best Buy stock gains as new gadgets and higher tax refunds boost sales. This marks the first report since the company announced CEO Corie Barry is stepping down from the electronics retailer at the end of the third quarter.,0.2468013468013468
2026-05-27 20:11:40+00:00,Apple shares hit new all-time intraday and closing highs,"Apple shares hit new all-time intraday and closing highs. In Nasdaq trading today, shares of Apple Inc. rose to hit a new all-time closing high. Apple’s all-time intraday high was also set today…
The post Apple shares hit new all-time intraday and closing highs appeared first on MacDailyNews.",0.22558441558441558
2026-05-27 17:45:55+00:00,Bank of America Raises Its Apple Stock Price Target to $380. Agentic AI Could Be the Upside Driver.,"Bank of America Raises Its Apple Stock Price Target to $380. Agentic AI Could Be the Upside Driver.. Bank of America raises Apple price target to $380, betting agentic AI could generate up to $30 billion in new revenue by 2030. Here's why I think AAPL stock ...",0.13636363636363635
2026-05-27 16:56:50+00:00,This One Decision Could Make or Break Apple Stock,This One Decision Could Make or Break Apple Stock. Apple's new CEO now faces the challenge of proving Apple can still lead the next tech revolution.,0.06818181818181818
2026-05-27 15:41:43+00:00,Why Amazon’s AI Game Looks Completely Different Than Every Other Tech Giant,"Why Amazon’s AI Game Looks Completely Different Than Every Other Tech Giant. Amazon is approaching AI very differently from its rivals, and investors should pay attention to it.",-0.08750000000000001
2026-05-27 08:31:06+00:00,Anker Japan、収納物が発火しても燃えにくい難燃性の高い生地を採用したガジェットポーチ「Anker Style Pouch」を発売。,"Anker Japan、収納物が発火しても燃えにくい難燃性の高い生地を採用したガジェットポーチ「Anker Style Pouch」を発売。. Anker Japanが収納物が発火しても燃えにくい難燃性の高い生地を採用したガジェットポーチ「Anker Style Pouch」を発売しています。詳細は以下から。 　中国Anker Innovationsの製品を取 […]
The post Anker Japan、収納物が発火しても燃えにくい難燃性の高い生地を採用したガジェットポーチ「Anker Style Pouch」を発売。 first appeared on AAPL Ch..",0.25
2026-05-27 05:19:08+00:00,Anker Japan、独自のANKER Thus™ AIチップや1.78インチAMOLEDを搭載し会話の録音や文字起こしなどが可能なAIボイスレコーダー機能をサポートした「Soundcore Liberty 5 Pro Max」を発売。,"Anker Japan、独自のANKER Thus™ AIチップや1.78インチAMOLEDを搭載し会話の録音や文字起こしなどが可能なAIボイスレコーダー機能をサポートした「Soundcore Liberty 5 Pro Max」を発売。. Anker Japanが独自のANKER Thus™ AIチップや1.78インチAMOLEDを搭載し会話の録音や文字起こしなどが可能なAIボイスレコーダー機能をサポートした「Soundcore Liber […]
The post Anker Japan、独自のANKER Thus™ AIチップや1.78インチAMOLEDを搭載し会話の録音や文字起こしなどが可能なAIボイスレコーダー機能をサポートした「Soundcore Liberty 5 Pro Max」を発売。 first appeared on AAPL …",0.25
2026-05-27 05:02:59+00:00,Anker Japan、独自のANKER Thus™ AIチップを搭載しウルトラノイズキャンセリング4.0やハイレゾ、Dolby Atmosなどに対応した完全ワイヤレスイヤホン「Liberty 5 Pro」を発売。,"Anker Japan、独自のANKER Thus™ AIチップを搭載しウルトラノイズキャンセリング4.0やハイレゾ、Dolby Atmosなどに対応した完全ワイヤレスイヤホン「Liberty 5 Pro」を発売。. Anker Japanが独自のANKER Thus™ AIチップを搭載しウルトラノイズキャンセリング4.0やハイレゾ、Dolby Atmosなどに対応した完全ワイヤレスイヤホン「Liberty 5 Pro […]
The post Anker Japan、独自のANKER Thus™ AIチップを搭載しウルトラノイズキャンセリング4.0やハイレゾ、Dolby Atmosなどに対応した完全ワイヤレスイヤホン「Liberty 5 Pro」を発売。 first appeared on AAPL Ch..",0.25
2026-05-27 05:02:23+00:00,Anker Japan、従来モデルと比較して約30%薄い厚さ1.7mmでワイヤレス充電やiPhone/Androidの両方に対応したカード型紛失防止トラッカー「Eufy SmartTrack Card E40」を発売。,"Anker Japan、従来モデルと比較して約30%薄い厚さ1.7mmでワイヤレス充電やiPhone/Androidの両方に対応したカード型紛失防止トラッカー「Eufy SmartTrack Card E40」を発売。. Anker Japanが従来モデルと比較して約30%薄い厚さ1.7mmでワイヤレス充電やiPhone/Androidの両方に対応したカード型紛失防止トラッカー「Eufy SmartTrack Card E40」を発売し […]
The post Anker Japan、従来モデルと比較して約30%薄い厚さ1.7mmでワイヤレス充電やiPhone/Androidの両方に対応したカード型紛失防止トラッカー「Eufy SmartTrack Card E40」を発売。 first appeared on AAPL Ch..",0.25
2026-05-26 20:51:01+00:00,Bank of America increases AAPL price target considering agentic and on-device AI,"Bank of America increases AAPL price target considering agentic and on-device AI. Upgrades keep coming but are they justified? Bank of America upped its price target on the tech giant, citing a potential boost from agentic artificial intelligence. Shares rose 0.5% in premarket trading. “In an agentic world, value accrues to the platform th…",0.08
2026-05-26 20:30:20+00:00,Bank of America ups Apple price target to $380,"Bank of America ups Apple price target to $380. In a notable vote of confidence for Apple amid ongoing questions about its AI pace, Bank of America analyst Wamsi Mohan has significantly…
The post Bank of America ups Apple price target to $380 appeared first on MacDailyNews.",0.375
2026-05-26 17:33:30+00:00,Tim Cook is Out. Will the CEO Change Make or Break Apple’s $4.5 Trillion Empire?,"Tim Cook is Out. Will the CEO Change Make or Break Apple’s $4.5 Trillion Empire?. The biggest company on earth is changing drivers. After ushering Apple (NASDAQ:AAPL) from roughly $400 billion to $4.535 trillion in market value, Tim Cook...",-0.1
2026-05-26 16:00:59+00:00,"Led by Apple’s iPhone, foreign-branded smartphone shipments in China rise 1.8% YoY in April","Led by Apple’s iPhone, foreign-branded smartphone shipments in China rise 1.8% YoY in April. Shipments of foreign-branded mobile phones in China — overwhelmingly driven by Apple iPhone sales — increased 1.8% year-over-year…
The post Led by Apple’s iPhone, foreign-branded smartphone shipments in China rise 1.8% YoY in April appeared first on MacDailyN…",0.375
2026-05-26 16:00:00+00:00,5 High-Yield Stocks and ETFs to Buy and Hold for the Next Decade,"5 High-Yield Stocks and ETFs to Buy and Hold for the Next Decade. Five high-yield names spanning pharmaceuticals, consumer staples, energy, and ETFs offer income investors compelling yields and durable businesses for a ten-...",0.09999999999999999
2026-05-26 15:59:12+00:00,The problem with the P/E ratio,"The problem with the P/E ratio. Why the most common measure for valuation is inadequate in an age of AI Software and services companies like Google, Microsoft, Amazon, Meta are spending on Capital Expenditures at the rate of heavy industry manufacturing. This defies their description as “as…",0.0
2026-05-26 14:15:06+00:00,Memes race to poke fun at Jony Ive’s new Ferrari Luce design,"Memes race to poke fun at Jony Ive’s new Ferrari Luce design. Jony Ive's Ferrari Luce design unveiled this week already provokes strong opinions. But the EV is the closest we'll ever get to an Apple car.
(via Cult of Mac - Your source for the latest Apple news, rumors, analysis, reviews, how-tos and deals.)",0.3424242424242424
2026-05-26 13:52:01+00:00,Microsoft Should Be Thrown Out Of Magnificent 7,"Microsoft Should Be Thrown Out Of Magnificent 7. The Magnificent 7 are supposed to comprise the world’s hottest megacap companies. Their businesses will control the future. They are a mix of AI, search, the...",0.6666666666666666
2026-05-26 12:14:00+00:00,Here’s the defensive stock-market trade that works no matter where bond yields end up,"Here’s the defensive stock-market trade that works no matter where bond yields end up. JPMorgan says low-volatility stocks have underperformed this year, are ready to bust out no matter what the macro backdrop looks like.",0.2
2026-05-26 11:21:00+00:00,"Stock market today: Dow wavers, S&P 500 and Nasdaq rise on Iran peace prospects","Stock market today: Dow wavers, S&P 500 and Nasdaq rise on Iran peace prospects. Stocks rose to start the holiday-shortened week as investors welcomed easing oil prices but remained watchful of a clash in the Strait of Hormuz.",0.6
2026-05-26 10:00:00+00:00,"Tech stocks today: Dell soars on AI sales, Anthropic overtakes OpenAI as world's most valuable AI startup","Tech stocks today: Dell soars on AI sales, Anthropic overtakes OpenAI as world's most valuable AI startup. Tech stocks rose to start the holiday-shortened week as investors looked to the latest mega IPOs and continued to assess what Nvidia's latest earnings mean...",0.35750000000000004
2026-05-26 10:00:00+00:00,"Tech stocks today: Dell stock soars on AI sales, Anthropic overtakes OpenAI as world's most valuable AI startup","Tech stocks today: Dell stock soars on AI sales, Anthropic overtakes OpenAI as world's most valuable AI startup. Tech stocks rose to start the holiday-shortened week as investors looked to the latest mega IPOs and continued to assess what Nvidia's latest earnings mean...",0.35750000000000004
2026-05-25 17:00:02+00:00,"Dear Apple Stock Fans, Mark Your Calendars for June 18","Dear Apple Stock Fans, Mark Your Calendars for June 18. Apple is cutting prices in China ahead of the 618 shopping holiday and Wedbush says that could help its market share.",-0.6
2026-05-25 14:00:04+00:00,JEPQ’s Distribution Looks Like Income Until You See the ELN Counterparty Risk Behind It,"JEPQ’s Distribution Looks Like Income Until You See the ELN Counterparty Risk Behind It. If you bought JPMorgan Nasdaq Equity Premium Income ETF (NASDAQ:JEPQ) for the monthly checks, you probably think you own a Nasdaq-100 portfolio with a...",0.09999999999999998
2026-05-25 11:34:27+00:00,Show HN: Grizzlars – High Performance DataFrame to Compete with Polars,"Show HN: Grizzlars – High Performance DataFrame to Compete with Polars. Article URL: https://github.com/NavodPeiris/grizzlars
Comments URL: https://news.ycombinator.com/item?id=48265676
Points: 1
# Comments: 0",0.16
2026-05-25 11:00:54+00:00,Why Apple and Microsoft’s Capex Wars Will Make or Break Your MGK Income This Year,"Why Apple and Microsoft’s Capex Wars Will Make or Break Your MGK Income This Year. The Vanguard Mega Cap Growth ETF (NYSEARCA:MGK) is built for capital appreciation, with dividends an afterthought. With a 0.05% expense ratio and a portfolio...",0.0
2026-05-25 06:59:10+00:00,Ugreen、Appleの探す機能に対応したスマートトラッカーFineTrackシリーズからサッカーボール型の「UGREEN FineTrack 2 Smart Finder」を発売。,"Ugreen、Appleの探す機能に対応したスマートトラッカーFineTrackシリーズからサッカーボール型の「UGREEN FineTrack 2 Smart Finder」を発売。. UgreenがAppleの探す機能に対応したスマートトラッカーFineTrackシリーズから「UGREEN FineTrack 2 Smart Finder サッカーボール型」を発売しています。詳細は以下から。 　中国 […]
The post Ugreen、Appleの探す機能に対応したスマートトラッカーFineTrackシリーズからサッカーボール型の「UGREEN FineTrack 2 Smart Finder」を発売。 first appeared on AAPL Ch..",0.2232142857142857
2026-05-24 22:21:54+00:00,‘Expect Corrections and Don’t Rely on Hope’: Cramer’s Reality Check for a First-Time Homebuyer,‘Expect Corrections and Don’t Rely on Hope’: Cramer’s Reality Check for a First-Time Homebuyer. Jim Cramer’s blunt line to a young first-time homebuyer on the May 22 episode of Mad Money: “Expect corrections and don’t rely on hope as an investing...,-0.2625
2026-05-23 22:00:56+00:00,"If I could buy only one ASX ETF for the next 10 years, this could be it","If I could buy only one ASX ETF for the next 10 years, this could be it. Looking for a long-term investment for your hard-earned money? Here's one to consider.
The post If I could buy only one ASX ETF for the next 10 years, this could be it appeared first on The Motley Fool Australia.",0.14166666666666666
2026-05-23 18:33:00+00:00,Paul Tudor Jones makes $8 billion bet on small-cap chaos,Paul Tudor Jones makes $8 billion bet on small-cap chaos. Paul Tudor Jones doesn’t appear to be locked into one stock. That may be the real story. The billionaire investor’s Tudor Investment Corp. reported a massive...,0.1
2026-05-23 14:51:58+00:00,Apple Inc. (AAPL)’s Durable Growth Narrative Keeps Getting Stronger,Apple Inc. (AAPL)’s Durable Growth Narrative Keeps Getting Stronger. ,0.0
2026-05-23 11:00:00+00:00,MarketBeat Week in Review – 05/18 - 05/22,MarketBeat Week in Review – 05/18 - 05/22. Stocks were up sharply to end the week as NVIDIA’s forward guidance showed tangible demand to support AI infrastructure and overshadowed mixed retail reports,-0.0625
2026-05-23 04:14:49+00:00,ACASIS、Apple M1/M2チップ搭載の旧Mac miniを収納しUSB-AやNVMe SSDを搭載できるThunderbolt(40Gbps)対応ドック「Acasis Mac mini M2 Dock & Stand」を発売。,"ACASIS、Apple M1/M2チップ搭載の旧Mac miniを収納しUSB-AやNVMe SSDを搭載できるThunderbolt(40Gbps)対応ドック「Acasis Mac mini M2 Dock & Stand」を発売。. ACASISがApple M1/M2チップ搭載の旧Mac miniを収納しUSB-AやNVMe SSDを搭載できるThunderbolt(40Gbps)対応ドック「Acasis Mac mini M2 Dock &#0 […]
The post ACASIS、Apple M1/M2チップ搭載の旧Mac miniを収納しUSB-AやNVMe SSDを搭載できるThunderbolt(40Gbps)対応ドック「Acasis Mac mini M2 Dock & Stand」を発売。 first appeared on…",0.25
2026-05-22 23:00:02+00:00,Microsoft vs. Apple Stock: The Numbers Reveal a Clear Winner Heading Into H2 2026,"Microsoft vs. Apple Stock: The Numbers Reveal a Clear Winner Heading Into H2 2026. Microsoft vs. Apple stock: Compare fundamentals, valuation, dividends, analyst ratings, and AI exposure to see which looks like the better buy.",0.3
2026-05-22 20:32:00+00:00,‘Buffett Indicator’ warns of a market top — 8 crucial signs that stocks are running on fumes,"‘Buffett Indicator’ warns of a market top — 8 crucial signs that stocks are running on fumes. From a grotesque 230% valuation gap to a ticking energy crisis, this unstoppable market is more fragile than it looks.",0.09
2026-05-22 20:17:09+00:00,Apple shares hit new all-time intraday and closing highs,"Apple shares hit new all-time intraday and closing highs. In Nasdaq trading today, shares of Apple Inc. rose to hit a new all-time closing high. Apple’s all-time intraday high was also set today…
The post Apple shares hit new all-time intraday and closing highs appeared first on MacDailyNews.",0.22558441558441558
2026-05-22 18:45:23+00:00,Dominic Chu: The Trump Bull Market’s AI Rally Is Powering the S&P 500 Toward an 8th Straight Winning Week,"Dominic Chu: The Trump Bull Market’s AI Rally Is Powering the S&P 500 Toward an 8th Straight Winning Week. CNBC’s Dominic Chu opened Friday’s market coverage by noting that “the stocks are looking like they may open higher today, rounding out what could be the...",0.2375
2026-05-22 14:30:46+00:00,"Apple Stock at 52-Week High: Buy, Sell or Hold?","Apple Stock at 52-Week High: Buy, Sell or Hold?. Apple (NASDAQ:AAPL) at $304.99 is a hold, with the stock perched at a fresh all-time high after a 51.52% one-year run that has pushed the price past where...",0.0925
2026-05-22 11:30:02+00:00,The Best AI Stock to Buy Now for Less Than $500,The Best AI Stock to Buy Now for Less Than $500. This semiconductor company remains deeply embedded in the AI supply chain.,0.2777777777777778
2026-05-22 11:00:02+00:00,"Analyzing an Apple Stock Butterfly Spread: Risk, Reward, and Setup","Analyzing an Apple Stock Butterfly Spread: Risk, Reward, and Setup. The long call butterfly spread is a defined-risk, limited-profit options strategy designed for traders who expect minimal price movement in the underlying...",-0.07500000000000001
2026-05-21 23:50:28+00:00,OpenAI、MacがロックされていてもiPhoneからMac上のCodexを安全に使用できるプラグイン「Locked Computer Use」をCodex for Mac向けに提供開始。,"OpenAI、MacがロックされていてもiPhoneからMac上のCodexを安全に使用できるプラグイン「Locked Computer Use」をCodex for Mac向けに提供開始。. OpenAIがMacがロックされていてもiPhoneからMacを安全に使用できるプラグイン「Locked Computer Use」をCodex for Mac向けに提供しています。詳細は以下から。 　米OpenAIは […]
The post OpenAI、MacがロックされていてもiPhoneからMac上のCodexを安全に使用できるプラグイン「Locked Computer Use」をCodex for Mac向けに提供開始。 first appeared on AAPL Ch..",0.25
2026-05-21 23:04:58+00:00,"The $300,000 Mistake: Financial Advisor Explains Why Waiting to Buy VOO Is Costing You Compounding","The $300,000 Mistake: Financial Advisor Explains Why Waiting to Buy VOO Is Costing You Compounding. On a recent episode of Ramsey Everyday Millionaires titled “How Do I Invest When the News Keeps Shaking the Market?”, a caller named Sally explained that she...",-0.06666666666666667
2026-05-21 20:13:07+00:00,Apple shares hit new all-time intraday and closing highs,"Apple shares hit new all-time intraday and closing highs. In Nasdaq trading today, shares of Apple Inc. rose to hit a new all-time closing high. Apple’s all-time intraday high was also set today…
The post Apple shares hit new all-time intraday and closing highs appeared first on MacDailyNews.",0.22558441558441558
2026-05-21 17:41:00+00:00,delegent added to PyPI,delegent added to PyPI. Async-first framework for tool-using agents with optional multi-agent delegation.,0.0
2026-05-21 13:15:12+00:00,"MGK Holds 46 Percent in Just Five Stocks, And That Concentration Is Driving Most of Its Recent Gains","MGK Holds 46 Percent in Just Five Stocks, And That Concentration Is Driving Most of Its Recent Gains. The Vanguard Mega Cap Growth ETF (NYSEARCA:MGK) has 63 holdings, which sounds diversified until you check the weights. Five names carry almost 46% of the...",0.25
2026-05-21 12:22:48+00:00,Nvidia's $80 billion stock buyback and bigger dividend may unleash an Apple-like stock move,Nvidia's $80 billion stock buyback and bigger dividend may unleash an Apple-like stock move. Nvidia upping its cash payouts could ignite the stock.,0.0
2026-05-21 11:42:20+00:00,Berkshire Hathaway Sold 16 Stocks in Q1 but Warren Buffett and Greg Abel Still Have 70% in Just 7 Stocks,"Berkshire Hathaway Sold 16 Stocks in Q1 but Warren Buffett and Greg Abel Still Have 70% in Just 7 Stocks. Warren Buffett stepped down as CEO of Berkshire Hathaway on December 31, 2025, after six decades leading the conglomerate he transformed from a struggling...",-0.15555555555555556
2026-05-21 11:03:00+00:00,Jim Cramer just said 4 words about this AI chip stock,"Jim Cramer just said 4 words about this AI chip stock. Wall Street has always had a language problem. Analysts write dense, 40-page reports full of ""EPS revisions"" and ""addressable market assumptions"" that most...",0.425
2026-05-21 08:51:06+00:00,Is Apple Inc. (AAPL) One of Louis Navellier’s Top Long-Term Stock Picks on Earning Growth Prospects?,Is Apple Inc. (AAPL) One of Louis Navellier’s Top Long-Term Stock Picks on Earning Growth Prospects?. ,0.5
2026-05-21 08:41:36+00:00,Apple Inc. (AAPL) Targets $15B Service Revenue via AI,Apple Inc. (AAPL) Targets $15B Service Revenue via AI. ,0.0
2026-05-21 05:44:37+00:00,SEC seeks public comment as it weighs prediction market ETFs,"SEC seeks public comment as it weighs prediction market ETFs. Bitwise, Roundhill Investments and GraniteShares had their prediction market ETF applications put on hold by the SEC earlier this month.",-0.05
2026-05-21 03:00:39+00:00,"Anker Japan、充電時の発熱を抑える冷却ファンを搭載したQi2 25W対応の折りたたみ式ワイヤレス充電器「Anker Prime Wireless Charging Station (3-in-1, MagGo, AirCool, Foldable)」のホワイトモデルを発売。","Anker Japan、充電時の発熱を抑える冷却ファンを搭載したQi2 25W対応の折りたたみ式ワイヤレス充電器「Anker Prime Wireless Charging Station (3-in-1, MagGo, AirCool, Foldable)」のホワイトモデルを発売。. Anker Japanが充電時の発熱を抑える冷却ファンを搭載したQi2 25W対応の折りたたみ式ワイヤレス充電器「Anker Prime Wireless Charging Station (3-in-1, MagGo […]
The post Anker Japan、充電時の発熱を抑える冷却ファンを搭載したQi2 25W対応の折りたたみ式ワイヤレス充電器「Anker Prime Wireless Charging Station (3-in-1, MagGo, AirCool, Foldable)」のホワイトモ…",0.0
2026-05-20 20:13:32+00:00,Apple shares hit new all-time closing high,"Apple shares hit new all-time closing high. In Nasdaq trading today, shares of Apple Inc. rose to hit a new all-time closing high. Apple’s all-time intraday high…
The post Apple shares hit new all-time closing high appeared first on MacDailyNews.",0.21738636363636363
2026-05-20 19:43:10+00:00,Apple Inc. (AAPL): A Top Stock Pick by Graham Stephan?,Apple Inc. (AAPL): A Top Stock Pick by Graham Stephan?. ,0.5
2026-05-20 18:59:01+00:00,KeyBanc Turns Cautious on Apple Stock as Valuation Concerns Grow. It’s Due for Profit-Taking.,"KeyBanc Turns Cautious on Apple Stock as Valuation Concerns Grow. It’s Due for Profit-Taking.. Apple's valuation looks ""stretched,"" according to KeyBanc's warning.",-0.0875
2026-05-20 10:26:00+00:00,Which ASX ETFs could be buys for passive income?,"Which ASX ETFs could be buys for passive income?. Looking for an easy way to generate passive income? Here's how you could do it with ETFs.
The post Which ASX ETFs could be buys for passive income? appeared first on The Motley Fool Australia.",0.42777777777777776
2026-05-20 10:00:00+00:00,"MEXC Reports Sharp Surge in TradFi Futures Trading Volume in April, Led by 1,600% Jump in INTC","MEXC Reports Sharp Surge in TradFi Futures Trading Volume in April, Led by 1,600% Jump in INTC. VICTORIA, Seychelles, May 20, 2026 /PRNewswire/ -- Data from MEXC, a pioneer in 0-fee digital asset trading, shows that TradFi futures trading volume on the platform surged sharply in April. Among all sectors, AI semiconductor-related assets recorded the stro…",-0.08333333333333333
2026-05-20 06:46:45+00:00,Apple Silicon MacでIntel Mac用の起動可能なUSBインストーラを作成できる「macUSB」アプリがWindowsとLinuxの起動可能なUSBインストーラ作成に対応。,"Apple Silicon MacでIntel Mac用の起動可能なUSBインストーラを作成できる「macUSB」アプリがWindowsとLinuxの起動可能なUSBインストーラ作成に対応。. Apple Silicon MacでIntel Mac用の起動可能なUSBインストーラを作成できる「macUSB」がWindowsとLinuxの起動可能なUSBインストーラ作成に対応しています。詳細は以下から。 　ma […]
The post Apple Silicon MacでIntel Mac用の起動可能なUSBインストーラを作成できる「macUSB」アプリがWindowsとLinuxの起動可能なUSBインストーラ作成に対応。 first appeared on AAPL Ch..",0.25
2026-05-20 05:03:59+00:00,'Does Not Give A F**k Anymore': 'Daily Show' Crushes Trump's Most Corrupt Gambit Yet,'Does Not Give A F**k Anymore': 'Daily Show' Crushes Trump's Most Corrupt Gambit Yet. 'Does Not Give A F**k Anymore': 'Daily Show' Crushes Trump's Most Corrupt Gambit Yethuffpost.com,0.0
2026-05-20 03:15:46+00:00,"Anker Japan、Anker史上最薄の厚さ約8.6mmでQi2 15Wワイヤレス充電に対応したモバイルバッテリー「Anker Nano Power Bank (5000mAh, MagGo, Slim)」にブルーとオレンジカラーを追加。","Anker Japan、Anker史上最薄の厚さ約8.6mmでQi2 15Wワイヤレス充電に対応したモバイルバッテリー「Anker Nano Power Bank (5000mAh, MagGo, Slim)」にブルーとオレンジカラーを追加。. Anker JapanがAnker史上最薄の厚さ約8.6mmでQi2 15Wワイヤレス充電に対応したモバイルバッテリー「Anker Nano Power Bank (5000mAh, MagGo, Slim)」にブルー […]
The post Anker Japan、Anker史上最薄の厚さ約8.6mmでQi2 15Wワイヤレス充電に対応したモバイルバッテリー「Anker Nano Power Bank (5000mAh, MagGo, Slim)」にブルーとオレンジカラーを追加。 first appeared…",0.25
2026-05-19 21:30:15+00:00,"Trump Organization’s managed account executes $50M+ in ‘Big Tech’ stock trades, buying Apple and Alphabet while selling Tesla","Trump Organization’s managed account executes $50M+ in ‘Big Tech’ stock trades, buying Apple and Alphabet while selling Tesla. President Trump's financial disclosure for the first quarter of 2026 reveals that accounts under The Trump Organization executed…
The post Trump Organization’s managed account executes $50M+ in ‘Big Tech’ stock trades, buying Apple and Alphabet while selling …",0.0625
2026-05-19 18:14:45+00:00,The $43 Billion ETF Hiding in Plain Sight. Why DIA Might Outperform SPY and QQQ for the Rest of 2026.,"The $43 Billion ETF Hiding in Plain Sight. Why DIA Might Outperform SPY and QQQ for the Rest of 2026.. If the market maintains its all-time highs, DIA is poised to catch up as investors seek out the relatively cheaper pockets of the large-cap universe.",-0.10714285714285714
2026-05-19 15:45:00+00:00,AAPL: Forget the iPhone—Services Will Drive the Next Phase of Growth,AAPL: Forget the iPhone—Services Will Drive the Next Phase of Growth. ,0.0
2026-05-19 12:15:00+00:00,3 Dividend Stocks With Insiders Buying in 2026,3 Dividend Stocks With Insiders Buying in 2026. Dividend paying stocks are getting bought by insiders; insider buying signals confidence in the outlook and value in the stock.,0.0
2026-05-18 21:56:03+00:00,The Spill: Apple (AAPL) Just Crushed It. Now What?,The Spill: Apple (AAPL) Just Crushed It. Now What?. ,-0.1
2026-05-18 17:30:24+00:00,What Tim Cook’s trip to China with President Trump could mean for Apple investors,"What Tim Cook’s trip to China with President Trump could mean for Apple investors. Outgoing Apple CEO Tim Cook participated in a high-stakes U.S. delegation to Beijing this week — the first presidential visit to China in…
The post What Tim Cook’s trip to China with President Trump could mean for Apple investors appeared first on MacDailyNew…",-0.03125
2026-05-18 14:45:02+00:00,Jim Cramer Shares Key Insights About Apple (AAPL),Jim Cramer Shares Key Insights About Apple (AAPL). ,0.0
2026-05-17 20:26:27+00:00,a1identity added to PyPI,a1identity added to PyPI. A1 — Python SDK for AI agent identity and delegation authorization with cryptographic chain-of-custody,0.0
2026-05-17 14:00:02+00:00,Disney’s Next Battle Won’t Be Against Netflix,Disney’s Next Battle Won’t Be Against Netflix. Watch as Disney aims for something bigger than streaming dominance.,0.0
2026-05-16 19:36:56+00:00,Macのディスク使用量や特定のファイルの占有率を可視化してくれるユーティリティ「GrandPerspective」が新アイコンとLiquid Glassに対応。,"Macのディスク使用量や特定のファイルの占有率を可視化してくれるユーティリティ「GrandPerspective」が新アイコンとLiquid Glassに対応。. Macのディスク使用量や特定のファイルの占有率を可視化してくれるユーティリティ「GrandPerspective」が新アイコンとLiquid Glassに対応しています。詳細は以下から。 　GrandPerspecti […]
The post Macのディスク使用量や特定のファイルの占有率を可視化してくれるユーティリティ「GrandPerspective」が新アイコンとLiquid Glassに対応。 first appeared on AAPL Ch..",0.25
2026-05-16 11:00:00+00:00,MarketBeat Week in Review – 05/11 - 05/15,MarketBeat Week in Review – 05/11 - 05/15. Stocks were mostly higher this week as investors were reminded that earnings are the signal; inflation and geopolitics is noise,0.25
2026-05-15 23:26:16+00:00,Acasis、NVMe SSDを最大10基搭載可能なThunderbolt 5対応エンクロージャー「Acasis TB504 Pro」などの販売キャンペーンをKickstarterで開始。,"Acasis、NVMe SSDを最大10基搭載可能なThunderbolt 5対応エンクロージャー「Acasis TB504 Pro」などの販売キャンペーンをKickstarterで開始。. AcasisがNVMe SSDを最大10基搭載可能なThunderbolt 5対応エンクロージャー「Acasis TB504 Pro」の販売キャンペーンをKickstarterで開始しています。詳細は以下から。 　Ma […]
The post Acasis、NVMe SSDを最大10基搭載可能なThunderbolt 5対応エンクロージャー「Acasis TB504 Pro」などの販売キャンペーンをKickstarterで開始。 first appeared on AAPL Ch..",0.25
2026-05-15 22:33:52+00:00,Purpose Investments Inc. Announces May 2026 Distributions,"Purpose Investments Inc. Announces May 2026 Distributions. TORONTO, May 15, 2026 (GLOBE NEWSWIRE) — Purpose Investments Inc. (“Purpose”) is pleased to announce distributions for the month of May 2026 for its open-end exchange traded funds and closed-end funds (“the Funds”).         The ex-distribution date for all Op…",0.5
